design,width,accw,period_ns,freq_MHz,area_um2,dyn_uw,leak_uw,total_uw,slack_ns,timing,path_start,path_end
mac_pipe,16,48,100,10,2306.752004,19.7178,51.3160,71.0338,95.74,MET,reg2/out_accum_reg[0],reg2/out_accum_reg[47]
mac_pipe,16,48,90,11.1111,2306.752004,21.9087,51.3160,73.2247,85.74,MET,reg2/out_accum_reg[0],reg2/out_accum_reg[47]
mac_pipe,16,48,80,12.5,2306.486004,24.6488,51.3115,75.9603,75.74,MET,reg2/out_accum_reg[0],reg2/out_accum_reg[47]
mac_pipe,16,48,70,14.2857,2306.752004,28.1687,51.3160,79.4847,65.74,MET,reg2/out_accum_reg[0],reg2/out_accum_reg[47]
mac_pipe,16,48,60,16.6667,2306.752004,32.8634,51.3160,84.1794,55.74,MET,reg2/out_accum_reg[0],reg2/out_accum_reg[47]
mac_pipe,16,48,50,20,2306.486004,39.4383,51.3115,90.7498,45.74,MET,reg2/out_accum_reg[0],reg2/out_accum_reg[47]
mac_pipe,16,48,40,25,2306.486004,49.3045,51.3096,100.6141,35.74,MET,reg2/out_accum_reg[0],reg2/out_accum_reg[47]
mac_pipe,16,48,30,33.3333,2306.486004,65.7394,51.3096,117.049,25.74,MET,reg2/out_accum_reg[0],reg2/out_accum_reg[47]
mac_pipe,16,48,20,50,2306.486004,98.6089,51.3096,149.9185,15.74,MET,reg2/out_accum_reg[0],reg2/out_accum_reg[47]
mac_pipe,16,48,10,100,2306.486004,197.2179,51.3096,248.5275,5.74,MET,reg2/out_accum_reg[0],reg2/out_accum_reg[47]
mac_pipe,16,48,9,111.111,2306.486004,219.1310,51.3096,270.4406,4.74,MET,reg2/out_accum_reg[0],reg2/out_accum_reg[47]
mac_pipe,16,48,8,125,2306.486004,246.5223,51.3096,297.8319,3.74,MET,reg2/out_accum_reg[0],reg2/out_accum_reg[47]
mac_pipe,16,48,7,142.857,2306.486004,281.7398,51.3096,333.0494,2.74,MET,reg2/out_accum_reg[0],reg2/out_accum_reg[47]
mac_pipe,16,48,6,166.667,2306.486004,328.6964,51.3096,380.006,1.74,MET,reg2/out_accum_reg[0],reg2/out_accum_reg[47]
mac_pipe,16,48,5,200,2305.156004,395.1690,51.3181,446.4871,0.75,MET,reg2/out_accum_reg[0],reg2/out_accum_reg[47]
mac_pipe,16,48,4,250,2342.928001,501.8872,52.4811,554.3683,0.12,MET,reg1/out_product_reg[0],reg2/out_accum_reg[47]
mac_pipe,16,48,3,333.333,2459.435999,688.9796,55.6085,744.5881,0.00,MET,reg2/out_accum_reg[0],reg2/out_accum_reg[47]
mac_pipe,16,48,2,500,2648.029983,1124,58.1834,1182.1834,0.00,MET,reg2/out_accum_reg[9],reg2/out_accum_reg[47]
mac_pipe,16,48,1.9,526.316,2639.783982,1181.6,57.9791,1239.5791,0.00,MET,reg2/out_accum_reg[7],reg2/out_accum_reg[46]
mac_pipe,16,48,1.8,555.556,2692.983982,1274.3,59.6528,1333.9528,0.00,MET,input0[7],reg1/out_product_reg[30]
mac_pipe,16,48,1.7,588.235,2693.515983,1347.7,59.5039,1407.2039,0.01,MET,input0[3],reg1/out_product_reg[30]
mac_pipe,16,48,1.6,625,2722.775981,1481.1,60.5223,1541.6223,0.00,MET,input0[5],reg1/out_product_reg[30]
mac_pipe,16,48,1.5,666.667,2732.351982,1576.4,60.5209,1636.9209,0.00,MET,input0[5],reg1/out_product_reg[29]
mac_pipe,16,48,1.4,714.286,2724.637982,1681.3,60.4453,1741.7453,0.00,MET,input0[3],reg1/out_product_reg[30]
mac_pipe,16,48,1.3,769.231,2773.581981,1866.3,61.9974,1928.2974,0.00,MET,reg2/out_accum_reg[7],reg2/out_accum_reg[47]
mac_pipe,16,48,1.2,833.333,2823.855980,2053,63.5232,2116.5232,0.00,VIOLATED,input0[11],reg1/out_product_reg[23]
mac_pipe,16,48,1.1,909.091,2860.563980,2307.9,64.7233,2372.6233,-0.06,VIOLATED,input0[13],reg1/out_product_reg[27]
mac_pipe,16,48,1,1000,2832.367979,2517.8,63.8385,2581.6385,-0.18,VIOLATED,input0[9],reg1/out_product_reg[20]
