design,width,accw,period_ns,freq_MHz,area_um2,dyn_uw,leak_uw,total_uw,slack_ns,timing,path_start,path_end
mac,16,48,100,10,2067.086012,18.3595,47.1269,65.4864,95.68,MET,input0[1],acc_reg[47]
mac,16,48,90,11.1111,2067.086012,20.3994,47.1269,67.5263,85.68,MET,input0[1],acc_reg[47]
mac,16,48,80,12.5,2067.086012,22.9493,47.1269,70.0762,75.68,MET,input0[1],acc_reg[47]
mac,16,48,70,14.2857,2067.086012,26.2278,47.1269,73.3547,65.68,MET,input0[1],acc_reg[47]
mac,16,48,60,16.6667,2067.086012,30.5991,47.1269,77.726,55.68,MET,input0[1],acc_reg[47]
mac,16,48,50,20,2067.086012,36.7189,47.1269,83.8458,45.68,MET,input0[1],acc_reg[47]
mac,16,48,40,25,2067.086012,45.8983,47.1269,93.0252,35.68,MET,input0[1],acc_reg[47]
mac,16,48,30,33.3333,2067.086012,61.1977,47.1269,108.3246,25.68,MET,input0[1],acc_reg[47]
mac,16,48,20,50,2067.086012,91.7967,47.1269,138.9236,15.68,MET,input0[1],acc_reg[47]
mac,16,48,10,100,2067.086012,183.5934,47.1269,230.7203,5.68,MET,input0[1],acc_reg[47]
mac,16,48,9,111.111,2067.086012,203.9927,47.1269,251.1196,4.68,MET,input0[1],acc_reg[47]
mac,16,48,8,125,2067.086012,229.4918,47.1269,276.6187,3.68,MET,input0[1],acc_reg[47]
mac,16,48,7,142.857,2067.086012,262.2763,47.1269,309.4032,2.68,MET,input0[1],acc_reg[47]
mac,16,48,6,166.667,2067.086012,305.9890,47.1269,353.1159,1.68,MET,input0[1],acc_reg[47]
mac,16,48,5,200,2066.288012,364.7039,47.1534,411.8573,0.68,MET,input0[1],acc_reg[47]
mac,16,48,4,250,2102.198010,477.1036,48.3531,525.4567,0.01,MET,input0[0],acc_reg[47]
mac,16,48,3,333.333,2164.176001,651.4941,46.7382,698.2323,0.00,MET,input0[7],acc_reg[47]
mac,16,48,2,500,2320.849995,1076.8,51.1257,1127.9257,0.00,MET,input0[3],acc_reg[47]
mac,16,48,1.9,526.316,2300.899995,1098.3,50.1478,1148.4478,0.03,MET,input0[5],acc_reg[47]
mac,16,48,1.8,555.556,2302.761995,1168.2,50.4143,1218.6143,0.00,MET,input0[7],acc_reg[47]
mac,16,48,1.7,588.235,2295.579995,1227.5,50.0548,1277.5548,0.01,MET,input0[11],acc_reg[47]
mac,16,48,1.6,625,2321.115995,1318.4,51.0078,1369.4078,0.00,MET,input0[5],acc_reg[47]
mac,16,48,1.5,666.667,2341.597996,1433.9,51.3998,1485.2998,0.00,MET,input0[5],acc_reg[44]
mac,16,48,1.4,714.286,2395.595993,1573.1,52.9590,1626.059,0.00,MET,input0[0],acc_reg[35]
mac,16,48,1.3,769.231,2424.057995,1691.6,53.5874,1745.1874,0.00,MET,input0[7],acc_reg[31]
mac,16,48,1.2,833.333,2471.139993,1948.1,55.1667,2003.2667,-0.07,VIOLATED,input0[5],acc_reg[33]
mac,16,48,1.1,909.091,2543.225993,2171.8,57.4958,2229.2958,-0.14,VIOLATED,input0[15],acc_reg[21]
mac,16,48,1,1000,2529.127995,2384.8,57.1420,2441.942,-0.22,VIOLATED,input0[7],acc_reg[38]
